[
  {
    "id": "AD",
    "en": "ANDORRA",
    "fr": "ANDORRE"
  },
  {
    "id": "AE",
    "en": "UNITED ARAB EMIRATES",
    "fr": "ÉMIRATS ARABES UNIS"
  },
  {
    "id": "AF",
    "en": "AFGHANISTAN",
    "fr": "AFGHANISTAN"
  },
  {
    "id": "AG",
    "en": "ANTIGUA AND BARBUDA",
    "fr": "ANTIGUA-ET-BARBUDA"
  },
  {
    "id": "AI",
    "en": "ANGUILLA",
    "fr": "ANGUILLA"
  },
  {
    "id": "AL",
    "en": "ALBANIA",
    "fr": "ALBANIE"
  },
  {
    "id": "AM",
    "en": "ARMENIA",
    "fr": "ARMÉNIE"
  },
  {
    "id": "AN",
    "en": "NETHERLANDS ANTILLES",
    "fr": "ANTILLES NÉERLANDAISES"
  },
  {
    "id": "AO",
    "en": "ANGOLA",
    "fr": "ANGOLA"
  },
  {
    "id": "AQ",
    "en": "ANTARCTICA",
    "fr": "ANTARCTIQUE"
  },
  {
    "id": "AR",
    "en": "ARGENTINA",
    "fr": "ARGENTINE"
  },
  {
    "id": "AS",
    "en": "AMERICAN SAMOA",
    "fr": "SAMOA AMÉRICAINES"
  },
  {
    "id": "AT",
    "en": "AUSTRIA",
    "fr": "AUTRICHE"
  },
  {
    "id": "AU",
    "en": "AUSTRALIA",
    "fr": "AUSTRALIE"
  },
  {
    "id": "AW",
    "en": "ARUBA",
    "fr": "ARUBA"
  },
  {
    "id": "AX",
    "en": "ALAND ISLANDS",
    "fr": ""
  },
  {
    "id": "AZ",
    "en": "AZERBAIDJAN",
    "fr": "AZERBAÏDJAN"
  },
  {
    "id": "BA",
    "en": "BOSNIA-HERZEGOVINA",
    "fr": "BOSNIE-HERZÉGOVINE"
  },
  {
    "id": "BB",
    "en": "BARBADOS",
    "fr": "BARBADE"
  },
  {
    "id": "BD",
    "en": "BANGLADESH",
    "fr": "BANGLADESH"
  },
  {
    "id": "BE",
    "en": "BELGIUM",
    "fr": "BELGIQUE"
  },
  {
    "id": "BF",
    "en": "BURKINA FASO",
    "fr": "BURKINA FASO"
  },
  {
    "id": "BG",
    "en": "BULGARIA",
    "fr": "BULGARIE"
  },
  {
    "id": "BH",
    "en": "BAHRAIN",
    "fr": "BAHREÏN"
  },
  {
    "id": "BI",
    "en": "BURUNDI",
    "fr": "BURUNDI"
  },
  {
    "id": "BJ",
    "en": "BENIN",
    "fr": "BÉNIN"
  },
  {
    "id": "BM",
    "en": "BERMUDA",
    "fr": "BERMUDES"
  },
  {
    "id": "BN",
    "en": "BRUNEI DARUSSALAM",
    "fr": "BRUNEI DARUSSALAM"
  },
  {
    "id": "BO",
    "en": "BOLIVIA",
    "fr": "BOLIVIE"
  },
  {
    "id": "BR",
    "en": "BRAZIL",
    "fr": "BRÉSIL"
  },
  {
    "id": "BS",
    "en": "BAHAMAS",
    "fr": "BAHAMAS"
  },
  {
    "id": "BT",
    "en": "BHUTAN",
    "fr": "BHOUTAN"
  },
  {
    "id": "BV",
    "en": "BOUVET ISLAND",
    "fr": "ÎLE BOUVET"
  },
  {
    "id": "BW",
    "en": "BOTSWANA",
    "fr": "BOTSWANA"
  },
  {
    "id": "BY",
    "en": "BELARUS",
    "fr": "BÉLARUS"
  },
  {
    "id": "BZ",
    "en": "BELIZE",
    "fr": "BELIZE"
  },
  {
    "id": "CA",
    "en": "CANADA",
    "fr": "CANADA"
  },
  {
    "id": "CC",
    "en": "COCOS (KEELING) ISLANDS",
    "fr": "ÎLES COCOS (KEELING)"
  },
  {
    "id": "CD",
    "en": "CONGO, THE DEMOCRATIC REPUBLIC OF THE",
    "fr": "CONGO (RÉPUBLIQUE DÉMOCRATIQUE DU)"
  },
  {
    "id": "CF",
    "en": "CENTRAL AFRICAN REPUBLIC",
    "fr": "RÉPUBLIQUE CENTRAFRICAINE"
  },
  {
    "id": "CG",
    "en": "CONGO",
    "fr": "CONGO"
  },
  {
    "id": "CH",
    "en": "SWITZERLAND",
    "fr": "SUISSE"
  },
  {
    "id": "CI",
    "en": "COTE D'IVOIRE",
    "fr": "CÔTE D'IVOIRE"
  },
  {
    "id": "CK",
    "en": "COOK ISLANDS",
    "fr": "ÎLES COOK"
  },
  {
    "id": "CL",
    "en": "CHILE",
    "fr": "CHILI"
  },
  {
    "id": "CM",
    "en": "CAMEROON",
    "fr": "CAMEROUN"
  },
  {
    "id": "CN",
    "en": "CHINA",
    "fr": "CHINE"
  },
  {
    "id": "CO",
    "en": "COLOMBIA",
    "fr": "COLOMBIE"
  },
  {
    "id": "CR",
    "en": "COSTA RICA",
    "fr": "COSTA RICA"
  },
  {
    "id": "CS",
    "en": "SERBIA AND MONTENEGRO",
    "fr": ""
  },
  {
    "id": "CU",
    "en": "CUBA",
    "fr": "CUBA"
  },
  {
    "id": "CV",
    "en": "CAPE VERDE",
    "fr": "CAP-VERT"
  },
  {
    "id": "CX",
    "en": "CHRISTMAS ISLAND",
    "fr": "ÎLE CHRISTMAS"
  },
  {
    "id": "CY",
    "en": "CYPRUS",
    "fr": "CHYPRE"
  },
  {
    "id": "CZ",
    "en": "CZECH REPUBLIC",
    "fr": "RÉPUBLIQUE TCHÈQUE"
  },
  {
    "id": "DE",
    "en": "GERMANY",
    "fr": "ALLEMAGNE"
  },
  {
    "id": "DJ",
    "en": "DJIBOUTI",
    "fr": "DJIBOUTI"
  },
  {
    "id": "DK",
    "en": "DENMARK",
    "fr": "DANEMARK"
  },
  {
    "id": "DM",
    "en": "DOMINICA",
    "fr": "DOMINIQUE"
  },
  {
    "id": "DO",
    "en": "DOMINICAN REPUBLIC",
    "fr": "RÉPUBLIQUE DOMINICAINE"
  },
  {
    "id": "DZ",
    "en": "ALGERIA",
    "fr": "ALGÉRIE"
  },
  {
    "id": "EC",
    "en": "ECUADOR",
    "fr": "ÉQUATEUR"
  },
  {
    "id": "EE",
    "en": "ESTONIA",
    "fr": "ESTONIE"
  },
  {
    "id": "EG",
    "en": "EGYPT",
    "fr": "ÉGYPTE"
  },
  {
    "id": "EH",
    "en": "WESTERN SAHARA",
    "fr": "SAHARA-OCCIDENTAL"
  },
  {
    "id": "ENU",
    "en": "ENGLAND, UK",
    "fr": "\"ROYAUME-UNI, ANGLETERRE\""
  },
  {
    "id": "ER",
    "en": "ERITREA",
    "fr": "ÉRYTHRÉE"
  },
  {
    "id": "ES",
    "en": "SPAIN",
    "fr": "ESPAGNE"
  },
  {
    "id": "ET",
    "en": "ETHIOPIA",
    "fr": "ÉTHIOPIE"
  },
  {
    "id": "EU",
    "en": "EUROPEAN UNION",
    "fr": ""
  },
  {
    "id": "FI",
    "en": "FINLAND",
    "fr": "FINLANDE"
  },
  {
    "id": "FJ",
    "en": "FIJI",
    "fr": "FIDJI"
  },
  {
    "id": "FK",
    "en": "FALKLAND ISLANDS (MALVINAS)",
    "fr": "ÎLES FLAKLAND (MALOUINES)"
  },
  {
    "id": "FM",
    "en": "MICRONESIA, FEDERATED STATES OF",
    "fr": "MICRONÉSIE (ÉTATS FÉDÉRÉS DE)"
  },
  {
    "id": "FO",
    "en": "FAROE ISLANDS",
    "fr": "ÎLES FÉROÉ"
  },
  {
    "id": "FR",
    "en": "FRANCE",
    "fr": "FRANCE"
  },
  {
    "id": "FX",
    "en": "FRANCE, METROPOLITAN",
    "fr": "FRANCE MÉTROPOLITAINE"
  },
  {
    "id": "GA",
    "en": "GABON",
    "fr": "GABON"
  },
  {
    "id": "GB",
    "en": "GREAT BRITAIN",
    "fr": "GRANDE-BRETAGNE"
  },
  {
    "id": "GB",
    "en": "UNITED KINGDOM",
    "fr": "ROYAUME-UNI"
  },
  {
    "id": "GD",
    "en": "GRENADA",
    "fr": "GRENADE"
  },
  {
    "id": "GE",
    "en": "GEORGIA",
    "fr": "GÉORGIE"
  },
  {
    "id": "GF",
    "en": "FRENCH GUIANA",
    "fr": "GUYANE FRANÇAISE"
  },
  {
    "id": "GH",
    "en": "GHANA",
    "fr": "GHANA"
  },
  {
    "id": "GI",
    "en": "GIBRALTAR",
    "fr": "GIBRALTAR"
  },
  {
    "id": "GK",
    "en": "GUERNSEY (THE BAILIWICK OF)",
    "fr": "GUERNESEY (BAILLIAGE DE)"
  },
  {
    "id": "GL",
    "en": "GREENLAND",
    "fr": "GROENLAND"
  },
  {
    "id": "GM",
    "en": "GAMBIA",
    "fr": "GAMBIE"
  },
  {
    "id": "GN",
    "en": "GUINEA",
    "fr": "GUINÉE"
  },
  {
    "id": "GP",
    "en": "GUADELOUPE",
    "fr": "GUADELOUPE"
  },
  {
    "id": "GQ",
    "en": "EQUATORIAL GUINEA",
    "fr": "GUINÉE ÉQUATORIALE"
  },
  {
    "id": "GR",
    "en": "GREECE",
    "fr": "GRÈCE"
  },
  {
    "id": "GS",
    "en": "S. GEORGIA & S. SANDWICH ISLS.",
    "fr": "GÉORGIE DU SUD-ET-LES ÎLES SANDWICH DU SUD"
  },
  {
    "id": "GT",
    "en": "GUATEMALA",
    "fr": "GUATEMALA"
  },
  {
    "id": "GU",
    "en": "GUAM",
    "fr": "GUAM"
  },
  {
    "id": "GW",
    "en": "GUINEA-BISSAU",
    "fr": "GUINÉE-BISSAO"
  },
  {
    "id": "GY",
    "en": "GUYANA",
    "fr": "GUYANA"
  },
  {
    "id": "HD",
    "en": "HOLLAND",
    "fr": ""
  },
  {
    "id": "HK",
    "en": "HONG KONG",
    "fr": "HONG KONG"
  },
  {
    "id": "HM",
    "en": "HEARD AND MCDONALD ISLANDS",
    "fr": "ÎLES HEARD ET MCDONALD"
  },
  {
    "id": "HN",
    "en": "HONDURAS",
    "fr": "HONDURAS"
  },
  {
    "id": "HR",
    "en": "CROATIA (HRVATSKA)",
    "fr": "CROATIE (HRVATSKA)"
  },
  {
    "id": "HT",
    "en": "HAITI",
    "fr": "HAÏTI"
  },
  {
    "id": "HU",
    "en": "HUNGARY",
    "fr": "HONGRIE"
  },
  {
    "id": "ID",
    "en": "INDONESIA",
    "fr": "INDONÉSIE"
  },
  {
    "id": "IE",
    "en": "IRELAND",
    "fr": "IRLANDE"
  },
  {
    "id": "IL",
    "en": "ISRAEL",
    "fr": "ISRAËL"
  },
  {
    "id": "IN",
    "en": "INDIA",
    "fr": "INDE"
  },
  {
    "id": "IO",
    "en": "BRITISH INDIAN OCEAN TERRITORY",
    "fr": "TERRITOIRE BRITANNIQUE DE L'OCÉAN INDIEN"
  },
  {
    "id": "IQ",
    "en": "IRAQ",
    "fr": "IRAQ"
  },
  {
    "id": "IR",
    "en": "IRAN (ISLAMIC REPUBLIC OF)",
    "fr": "IRAN (RÉPUBLIQUE ISLAMIQUE D')"
  },
  {
    "id": "IS",
    "en": "ICELAND",
    "fr": "ISLANDE"
  },
  {
    "id": "IT",
    "en": "ITALY",
    "fr": "ITALIE"
  },
  {
    "id": "JM",
    "en": "JAMAICA",
    "fr": "JAMAÏQUE"
  },
  {
    "id": "JO",
    "en": "JORDAN",
    "fr": "JORDANIE"
  },
  {
    "id": "JP",
    "en": "JAPAN",
    "fr": "JAPON"
  },
  {
    "id": "KE",
    "en": "KENYA",
    "fr": "KENYA"
  },
  {
    "id": "KG",
    "en": "KYRGYZSTAN",
    "fr": "KIRGHIZISTAN "
  },
  {
    "id": "KH",
    "en": "CAMBODIA",
    "fr": "CAMBODGE"
  },
  {
    "id": "KI",
    "en": "KIRIBATI",
    "fr": "KIRIBATI"
  },
  {
    "id": "KM",
    "en": "COMOROS",
    "fr": "ÎLES COMORES"
  },
  {
    "id": "KN",
    "en": "SAINT KITTS & NEVIS ANGUILLA",
    "fr": "SAINT-KITTS-ET-NEVIS"
  },
  {
    "id": "KP",
    "en": "KOREA, DEMOCRATIC PEOPLE'S REPUBLIC OF",
    "fr": "CORÉE (RÉPUBLIQUE POPULAIRE DÉMOCRATIQUE DE)"
  },
  {
    "id": "KR",
    "en": "KOREA, REPUBLIC OF",
    "fr": "RÉPUBLIQUE DE CORÉE"
  },
  {
    "id": "KR",
    "en": "KOREA, REPUBLIC OF",
    "fr": "RÉPUBLIQUE DE CORÉE"
  },
  {
    "id": "KW",
    "en": "KUWAIT",
    "fr": "KOWEÏT"
  },
  {
    "id": "KY",
    "en": "CAYMAN ISLANDS",
    "fr": "ÎLES CAÏMANS"
  },
  {
    "id": "KZ",
    "en": "KAZAKHSTAN",
    "fr": "KAZAKHSTAN"
  },
  {
    "id": "LA",
    "en": "LAOS PEOPLE'S DEMOCRATIC REPUBLIC",
    "fr": "LAOS (RÉPUBLIQUE DÉMOCRATIQUE POPULAIRE DU)"
  },
  {
    "id": "LB",
    "en": "LEBANON",
    "fr": "LIBAN"
  },
  {
    "id": "LC",
    "en": "SAINT LUCIA",
    "fr": "SAINTE-LUCIE"
  },
  {
    "id": "LI",
    "en": "LIECHTENSTEIN",
    "fr": "LIECHTENSTEIN"
  },
  {
    "id": "LK",
    "en": "SRI LANKA",
    "fr": "SRI LANKA"
  },
  {
    "id": "LR",
    "en": "LIBERIA",
    "fr": "LIBÉRIA"
  },
  {
    "id": "LS",
    "en": "LESOTHO",
    "fr": "LESOTHO"
  },
  {
    "id": "LT",
    "en": "LITHUANIA",
    "fr": "LITUANIE"
  },
  {
    "id": "LU",
    "en": "LUXEMBOURG",
    "fr": "LUXEMBOURG"
  },
  {
    "id": "LV",
    "en": "LATVIA",
    "fr": "LETTONIE"
  },
  {
    "id": "LY",
    "en": "LIBYAN ARAB JAMAHIRIYA",
    "fr": "LIBYE (JAMAHIRIYA ARABE LIBYENNE)"
  },
  {
    "id": "MA",
    "en": "MOROCCO",
    "fr": "MAROC"
  },
  {
    "id": "MC",
    "en": "MONACO",
    "fr": "MONACO"
  },
  {
    "id": "MD",
    "en": "MOLDOVA, REPUBLIC OF",
    "fr": "MOLDOVA (RÉPUBLIQUE DE)"
  },
  {
    "id": "MG",
    "en": "MADAGASCAR",
    "fr": "MADAGASCAR"
  },
  {
    "id": "MH",
    "en": "MARSHALL ISLANDS",
    "fr": "ÎLES MARSHALL"
  },
  {
    "id": "MK",
    "en": "MACEDONIA",
    "fr": "MACÉDOINE"
  },
  {
    "id": "ML",
    "en": "MALI",
    "fr": "MALI"
  },
  {
    "id": "MM",
    "en": "MYANMAR",
    "fr": "MYANMAR"
  },
  {
    "id": "MN",
    "en": "MONGOLIA",
    "fr": "MONGOLIE"
  },
  {
    "id": "MO",
    "en": "MACAU",
    "fr": "MACAO"
  },
  {
    "id": "MP",
    "en": "NORTHERN MARIANA ISLANDS",
    "fr": "ÎLES MARIANNES DU NORD"
  },
  {
    "id": "MQ",
    "en": "MARTINIQUE",
    "fr": "MARTINIQUE"
  },
  {
    "id": "MR",
    "en": "MAURITANIA",
    "fr": "MAURITANIE"
  },
  {
    "id": "MS",
    "en": "MONTSERRAT",
    "fr": "MONTSERRAT"
  },
  {
    "id": "MT",
    "en": "MALTA",
    "fr": "MALTE"
  },
  {
    "id": "MU",
    "en": "MAURITIUS",
    "fr": "MAURICE"
  },
  {
    "id": "MV",
    "en": "MALDIVES",
    "fr": "MALDIVES"
  },
  {
    "id": "MW",
    "en": "MALAWI",
    "fr": "MALAWI"
  },
  {
    "id": "MX",
    "en": "MEXICO",
    "fr": "MEXIQUE"
  },
  {
    "id": "MY",
    "en": "MALAYSIA",
    "fr": "MALAISIE"
  },
  {
    "id": "MZ",
    "en": "MOZAMBIQUE",
    "fr": "MOZAMBIQUE"
  },
  {
    "id": "NA",
    "en": "NAMIBIA",
    "fr": "NAMIBIE"
  },
  {
    "id": "NC",
    "en": "NEW CALEDONIA",
    "fr": "NOUVELLE-CALÉDONIE"
  },
  {
    "id": "NDU",
    "en": "NORTHERN IRELAND, UK",
    "fr": "\"ROYAUME-UNI, IRLANDE DU NORD\""
  },
  {
    "id": "NE",
    "en": "NIGER",
    "fr": "NIGER"
  },
  {
    "id": "NF",
    "en": "NORFOLK ISLAND",
    "fr": "ÎLE NORFOLK"
  },
  {
    "id": "NG",
    "en": "NIGERIA",
    "fr": "NIGERIA"
  },
  {
    "id": "NI",
    "en": "NICARAGUA",
    "fr": "NICARAGUA"
  },
  {
    "id": "NL",
    "en": "NETHERLANDS",
    "fr": "PAYS-BAS"
  },
  {
    "id": "NO",
    "en": "NORWAY",
    "fr": "NORVÈGE"
  },
  {
    "id": "NP",
    "en": "NEPAL",
    "fr": "NÉPAL"
  },
  {
    "id": "NR",
    "en": "NAURU",
    "fr": "NAURU"
  },
  {
    "id": "NU",
    "en": "NIUE",
    "fr": "NIOUÉ"
  },
  {
    "id": "NZ",
    "en": "NEW ZEALAND",
    "fr": "NOUVELLE-ZÉLANDE"
  },
  {
    "id": "OM",
    "en": "OMAN",
    "fr": "OMAN"
  },
  {
    "id": "PA",
    "en": "PANAMA",
    "fr": "PANAMA"
  },
  {
    "id": "PE",
    "en": "PERU",
    "fr": "PÉROU"
  },
  {
    "id": "PF",
    "en": "FRENCH POLYNESIA",
    "fr": "POLYNÉSIE FRANÇAISE"
  },
  {
    "id": "PG",
    "en": "PAPUA NEW GUINEA",
    "fr": "PAPOUASIE-NOUVELLE-GUINÉE"
  },
  {
    "id": "PH",
    "en": "PHILIPPINES",
    "fr": "PHILIPPINES"
  },
  {
    "id": "PK",
    "en": "PAKISTAN",
    "fr": "PAKISTAN"
  },
  {
    "id": "PL",
    "en": "POLAND",
    "fr": "POLOGNE"
  },
  {
    "id": "PM",
    "en": "SAINT PIERRE AND MIQUELON",
    "fr": "ÎLE DE ST-PIERRE ET MIQUELON"
  },
  {
    "id": "PN",
    "en": "PITCAIRN",
    "fr": "PITCAIRN"
  },
  {
    "id": "PR",
    "en": "PUERTO RICO",
    "fr": "PUERTO RICO"
  },
  {
    "id": "PS",
    "en": "PALESTINIAN TERRITORY, OCCUPIED",
    "fr": ""
  },
  {
    "id": "PT",
    "en": "PORTUGAL",
    "fr": "PORTUGAL"
  },
  {
    "id": "PW",
    "en": "PALAU",
    "fr": "PALAU "
  },
  {
    "id": "PY",
    "en": "PARAGUAY",
    "fr": "PARAGUAY"
  },
  {
    "id": "QA",
    "en": "QATAR",
    "fr": "QATAR"
  },
  {
    "id": "RE",
    "en": "REUNION",
    "fr": "RÉUNION"
  },
  {
    "id": "RO",
    "en": "ROMANIA",
    "fr": "ROUMANIE"
  },
  {
    "id": "RU",
    "en": "RUSSIAN FEDERATION",
    "fr": "FÉDÉRATION DE RUSSIE"
  },
  {
    "id": "RW",
    "en": "RWANDA",
    "fr": "RWANDA"
  },
  {
    "id": "SA",
    "en": "SAUDI ARABIA",
    "fr": "ARABIE SAOUDITE"
  },
  {
    "id": "SB",
    "en": "SOLOMON ISLANDS",
    "fr": "ÎLES SALOMON"
  },
  {
    "id": "SC",
    "en": "SEYCHELLES",
    "fr": "SEYCHELLES"
  },
  {
    "id": "SD",
    "en": "SUDAN",
    "fr": "SOUDAN"
  },
  {
    "id": "SE",
    "en": "SWEDEN",
    "fr": "SUÈDE"
  },
  {
    "id": "SG",
    "en": "SINGAPORE",
    "fr": "SINGAPOUR"
  },
  {
    "id": "SH",
    "en": "ST. HELENA",
    "fr": "SAINTE-HÉLÈNE"
  },
  {
    "id": "SI",
    "en": "SLOVENIA",
    "fr": "SLOVÉNIE"
  },
  {
    "id": "SJ",
    "en": "SVALBARD AND JAN MAYEN ISLANDS",
    "fr": "ÎLES SVALBARD ET JAN MAYEN"
  },
  {
    "id": "SK",
    "en": "SLOVAKIA (SLOVAK REPUBLIC)",
    "fr": "SLOVAQUIE (RÉPUBLIQUE SLOVAQUE)"
  },
  {
    "id": "SL",
    "en": "SIERRA LEONE",
    "fr": "SIERRA LEONE"
  },
  {
    "id": "SM",
    "en": "SAN MARINO",
    "fr": "SAINT-MARIN"
  },
  {
    "id": "SN",
    "en": "SENEGAL",
    "fr": "SÉNÉGAL"
  },
  {
    "id": "SO",
    "en": "SOMALIA",
    "fr": "SOMALIE"
  },
  {
    "id": "SOU",
    "en": "SCOTLAND, UK",
    "fr": "\"ROYAUME-UNI, ECOSSE\""
  },
  {
    "id": "SR",
    "en": "SURINAME",
    "fr": "SURINAME"
  },
  {
    "id": "ST",
    "en": "SAO TOME AND PRINCIPE",
    "fr": "SAO TOMÉ-ET-PRINCIPE"
  },
  {
    "id": "SV",
    "en": "EL SALVADOR",
    "fr": "EL SALVADOR"
  },
  {
    "id": "SY",
    "en": "SYRIAN ARAB REPUBLIC",
    "fr": "RÉPUBLIQUE ARABE SYRIENNE"
  },
  {
    "id": "SZ",
    "en": "SWAZILAND",
    "fr": "SWAZILAND"
  },
  {
    "id": "TC",
    "en": "TURKS AND CAICOS ISLANDS",
    "fr": "ÎLES TURKS ET CAICOS"
  },
  {
    "id": "TD",
    "en": "CHAD",
    "fr": "TCHAD"
  },
  {
    "id": "TF",
    "en": "FRENCH SOUTHERN TERRITORIES",
    "fr": "TERRES AUSTRALES FRANÇAISES"
  },
  {
    "id": "TG",
    "en": "TOGO",
    "fr": "TOGO"
  },
  {
    "id": "TH",
    "en": "THAILAND",
    "fr": "THAÏLANDE"
  },
  {
    "id": "TJ",
    "en": "TAJIKISTAN",
    "fr": "TADJIKISTAN"
  },
  {
    "id": "TK",
    "en": "TOKELAU",
    "fr": "TOKÉLAOU"
  },
  {
    "id": "TL",
    "en": "TIMOR-LESTE",
    "fr": ""
  },
  {
    "id": "TM",
    "en": "TURKMENISTAN",
    "fr": "TURKMÉNISTAN"
  },
  {
    "id": "TN",
    "en": "TUNISIA",
    "fr": "TUNISIE"
  },
  {
    "id": "TO",
    "en": "TONGA",
    "fr": "TONGA"
  },
  {
    "id": "TP",
    "en": "EAST TIMOR",
    "fr": "TIMOR-ORIENTAL"
  },
  {
    "id": "TR",
    "en": "TURKEY",
    "fr": "TURQUIE"
  },
  {
    "id": "TT",
    "en": "TRINIDAD AND TOBAGO",
    "fr": "TRINITÉ-ET-TOBAGO"
  },
  {
    "id": "TV",
    "en": "TUVALU",
    "fr": "TUVALU"
  },
  {
    "id": "TW",
    "en": "TAIWAN, PROVINCE OF CHINA",
    "fr": "TAÏWAN (RÉPUBLIQUE DE CHINE)"
  },
  {
    "id": "TZ",
    "en": "TANZANIA, UNITED REPUBLIC OF",
    "fr": "TANZANIE (RÉPUBLIQUE-UNIE DE)"
  },
  {
    "id": "UA",
    "en": "UKRAINE",
    "fr": "UKRAINE"
  },
  {
    "id": "UG",
    "en": "UGANDA",
    "fr": "OUGANDA"
  },
  {
    "id": "UM",
    "en": "UNITED STATES MINOR OUTLYING ISLANDS",
    "fr": "PETITES ÎLES EXCENTRIQUES DES ÉTATS-UNIS"
  },
  {
    "id": "UN",
    "en": "UNKNOWN",
    "fr": "INCONNU"
  },
  {
    "id": "US",
    "en": "UNITED STATES",
    "fr": "ÉTATS UNIS"
  },
  {
    "id": "US",
    "en": "UNITED STATES",
    "fr": "ÉTATS UNIS"
  },
  {
    "id": "UY",
    "en": "URUGUAY",
    "fr": "URUGUAY"
  },
  {
    "id": "UZ",
    "en": "UZBEKISTAN",
    "fr": "OUZBÉKISTAN"
  },
  {
    "id": "VA",
    "en": "HOLY SEE (VATICAN CITY STATE)",
    "fr": "SAINT-SIÈGE (ÉTAT DE LA CITÉ DU VATICAN)"
  },
  {
    "id": "VC",
    "en": "SAINT VINCENT AND THE GRENADINES",
    "fr": "SAINT-VINCENT-ET-LES GRENADINES"
  },
  {
    "id": "VE",
    "en": "VENEZUELA",
    "fr": "VÉNÉZUÉLA"
  },
  {
    "id": "VG",
    "en": "VIRGIN ISLANDS (BRITISH)",
    "fr": "ÎLES VIERGES (BRITANNIQUES)"
  },
  {
    "id": "VI",
    "en": "VIRGIN ISLANDS (U.S.)",
    "fr": "ÎLES VIERGES (AMÉRICAINES)"
  },
  {
    "id": "VN",
    "en": "VIETNAM",
    "fr": "VIÊT NAM"
  },
  {
    "id": "VU",
    "en": "VANUATU",
    "fr": "VANUATU"
  },
  {
    "id": "WAU",
    "en": "WALES, UK",
    "fr": "\"ROYAUME-UNI, GALLES\""
  },
  {
    "id": "WF",
    "en": "WALLIS AND FUTUNA ISLANDS",
    "fr": "ÎLES WALLIS-ET-FUTUNA"
  },
  {
    "id": "WS",
    "en": "SAMOA",
    "fr": "SAMOA"
  },
  {
    "id": "YE",
    "en": "YEMEN",
    "fr": "YÉMEN"
  },
  {
    "id": "YT",
    "en": "MAYOTTE",
    "fr": "MAYOTTE"
  },
  {
    "id": "YU",
    "en": "YUGOSLAVIA",
    "fr": "YOUGOSLAVIE"
  },
  {
    "id": "ZA",
    "en": "SOUTH AFRICA",
    "fr": "AFRIQUE DU SUD"
  },
  {
    "id": "ZM",
    "en": "ZAMBIA",
    "fr": "ZAMBIE"
  },
  {
    "id": "ZW",
    "en": "ZIMBABWE",
    "fr": "ZIMBABWE"
  },
  {
    "id": "ZZ",
    "en": "TO BE DETERMINED",
    "fr": "À DÉTERMINER"
  }
]